From,name,PathID,RouteID,Number of Records,X,Y
AFGHANISTAN,ABDUL AHAD MOHMAND,2,1,1,25.794373561,13.470194482
AFGHANISTAN,AFGHANISTAN,1,1,1,26.230829692,14.204678614
JAPAN,AKIHIKO HOSHIDE,2,2,1,-9.878957771,-3.301361772
UNITED STATES,ALAN BEAN,2,3,1,18.809455037,-3.620880469
UNITED STATES,ALAN G. POINDEXTER,2,4,1,8.970541297,0.159092818
UNITED STATES,ALAN SHEPARD,2,5,1,13.262143715,-9.035623022
UNITED STATES,ALBERT SACCO,2,6,1,9.358361193,-6.377082050
BULGARIA,ALEKSANDAR PANAYOTOV ALEKSANDROV,2,7,1,-7.663871306,17.740923809
RUSSIA,ALEKSANDR BALANDIN,2,8,1,13.739105177,18.714975126
RUSSIA,ALEKSANDR IVANCHENKOV,2,9,1,10.806576598,24.013651198
RUSSIA,ALEKSANDR LAVEYKIN,2,10,1,6.178013521,23.266957003
RUSSIA,ALEKSANDR LAZUTKIN,2,11,1,14.479301274,22.251028873
RUSSIA,ALEKSANDR MISURKIN,2,12,1,7.796707140,19.659836305
RUSSIA,ALEKSANDR PAVLOVICH ALEKSANDROV,2,13,1,14.779572208,20.053489424
RUSSIA,ALEKSANDR SAMOKUTYAYEV,2,14,1,7.124342294,21.143318036
RUSSIA,ALEKSANDR SEREBROV,2,15,1,8.412890450,19.250385247
RUSSIA,ALEKSANDR SKVORTSOV,2,16,1,12.725168780,22.101138430
RUSSIA,ALEKSEI GUBAREV,2,17,1,12.766036682,24.281147326
RUSSIA,ALEKSEI LEONOV,2,18,1,11.565308573,21.516942430
RUSSIA,ALEKSEI YELISEYEV,2,19,1,12.602734593,19.833043406
RUSSIA,ALEKSEY OVCHININ,2,20,1,10.135767042,25.083512283
GERMANY,ALEXANDER GERST,2,21,1,-4.851441268,17.957711016
RUSSIA,ALEXANDER KALERI,2,22,1,12.123217695,19.312818461
RUSSIA,ALEXANDER POLESHCHUK,2,23,1,14.168950294,19.971515638
RUSSIA,ALEXANDER VIKTORENKO,2,24,1,10.409708514,17.529465988
RUSSIA,ALEXANDER VOLKOV,2,25,1,12.629950956,22.939760907
UNITED STATES,ALFRED WORDEN,2,26,1,8.051926330,-1.577977018
RUSSIA,ANATOLI BEREZOVOY,2,27,1,8.540756999,17.784812403
RUSSIA,ANATOLI IVANISHIN,2,28,1,12.978283250,20.619998981
RUSSIA,ANATOLI LEVCHENKO,2,29,1,5.970311999,22.607625531
RUSSIA,ANATOLY ARTSEBARSKY,2,30,1,9.920033889,23.528003538
RUSSIA,ANATOLY FILIPCHENKO,2,31,1,12.520383763,21.319818451
RUSSIA,ANATOLY SOLOVYEV,2,32,1,11.413994207,19.342668708
DENMARK,ANDREAS MOGENSEN,2,33,1,24.548596196,20.005024500
RUSSIA,ANDREI BORISENKO,2,34,1,8.355756826,23.260108669
UNITED STATES,ANDREW J. FEUSTEL,2,35,1,13.764877328,-7.404426958
UNITED STATES,ANDREW M. ALLEN,2,36,1,6.985986490,-0.551130817
UNITED STATES,ANDREW R. MORGAN,2,37,1,6.747328226,-4.072843830
UNITED STATES,ANDREW THOMAS,2,38,1,9.707091132,1.189665211
RUSSIA,ANDRIYAN NIKOLAYEV,2,39,1,6.635168340,21.945968843
NETHERLANDS,ANDRÃ© KUIPERS,2,40,1,-2.820495799,11.209406527
UNITED STATES,"ANNA LEE FISHER, M.D.",2,41,1,16.478157618,-4.818533915
UNITED STATES,ANNE MCCLAIN,2,42,1,10.089796996,-1.957710658
IRAN,ANOUSHEH ANSARI,2,43,1,-10.039475885,13.066875941
UNITED STATES,ANTHONY W. ENGLAND,2,44,1,16.416679154,0.652078322
RUSSIA,ANTON SHKAPLEROV,2,45,1,7.887970893,18.852324744
CUBA,ARNALDO TAMAYO MENDEZ,2,46,1,27.720011802,15.158203762
AUSTRIA,AUSTRIA,1,149,1,-1.613079169,20.018330727
KAZAKHSTAN,AYDYN AIMBETOV,2,47,1,-3.659573280,9.299780686
UNITED STATES,B. ALVIN DREW,2,48,1,18.928173603,-2.893151535
UNITED STATES,BARBARA MORGAN,2,49,1,6.212753777,-3.828897834
UNITED STATES,BARRY WILMORE,2,50,1,6.432545278,-4.854949008
BELGIUM,BELGIUM,1,111,1,25.244526520,18.216937679
BELGIUM,BELGIUM,1,146,1,25.244526520,18.216937679
UNITED STATES,"BERNARD A. HARRIS, JR.",2,51,1,7.106771922,0.369721285
HUNGARY,BERTALAN FARKAS,2,52,1,29.840022659,13.502704500
CANADA,BJARNI TRYGGVASON,2,53,1,-8.901631771,3.737934955
UNITED STATES,BONNIE J. DUNBAR,2,54,1,18.951270003,-4.797344767
RUSSIA,BORIS MORUKOV,2,55,1,10.953012550,23.344619980
RUSSIA,BORIS VOLYNOV,2,56,1,7.923184467,22.743443193
RUSSIA,"BORIS YEGOROV, M.D.",2,57,1,13.734174816,24.306353633
BRAZIL,BRAZIL,1,303,1,-7.461578792,14.328100997
UNITED STATES,"BRENT W. JETT, JR.",2,58,1,8.515406946,-3.838171684
UNITED STATES,BREWSTER SHAW,2,59,1,15.824057703,0.650441684
UNITED STATES,BRIAN BINNIE,2,60,1,16.120774517,1.228715330
UNITED STATES,BRIAN DUFFY,2,61,1,14.369495626,-8.771579908
UNITED STATES,BRUCE MCCANDLESS II,2,62,1,16.968251956,-3.755771164
UNITED STATES,BRUCE MELNICK,2,63,1,15.243224982,-4.538136261
UNITED STATES,BRYAN O'CONNOR,2,64,1,10.120270552,-0.178847586
BULGARIA,BULGARIA,1,7,1,-8.045201109,16.909986251
BULGARIA,BULGARIA,1,168,1,-8.045201109,16.909986251
UNITED STATES,BUZZ ALDRIN,2,65,1,8.525558519,-4.943162620
UNITED STATES,BYRON LICHTENBERG,2,66,1,8.122778355,-1.005935943
CANADA,CANADA,1,53,1,-8.062129092,2.347257452
CANADA,CANADA,1,85,1,-8.062129092,2.347257452
CANADA,CANADA,1,94,1,-8.062129092,2.347257452
CANADA,CANADA,1,106,1,-8.062129092,2.347257452
CANADA,CANADA,1,183,1,-8.062129092,2.347257452
CANADA,CANADA,1,251,1,-8.062129092,2.347257452
CANADA,CANADA,1,302,1,-8.062129092,2.347257452
CANADA,CANADA,1,411,1,-8.062129092,2.347257452
CANADA,CANADA,1,412,1,-8.062129092,2.347257452
CANADA,CANADA,1,464,1,-8.062129092,2.347257452
UNITED STATES,CARL MEADE,2,67,1,12.774439733,-8.930011108
UNITED STATES,CARL WALZ,2,68,1,18.800133940,-1.951631535
PERU,CARLOS I. NORIEGA,2,69,1,-3.700892553,21.087264710
UNITED STATES,CATHERINE COLEMAN,2,70,1,9.429005818,-8.275077032
UNITED STATES,"CHARLES ""PETE"" CONRAD",2,71,1,18.202546856,-0.737089434
UNITED STATES,CHARLES BOLDEN,2,72,1,18.688243989,-1.180194850
UNITED STATES,CHARLES CAMARDA,2,73,1,12.625888041,0.804297201
UNITED STATES,CHARLES D. WALKER,2,74,1,10.930145632,-0.408389937
UNITED STATES,CHARLES DUKE,2,75,1,10.305293298,2.731933898
UNITED STATES,"CHARLES E. BRADY, JR., M.D.",2,76,1,13.117934482,1.412800760
UNITED STATES,CHARLES FULLERTON,2,77,1,17.188242643,2.413169935
UNITED STATES,CHARLES GEMAR,2,78,1,11.956007201,-6.626111912
UNITED STATES,CHARLES HOBAUGH,2,79,1,7.646991584,-6.941487563
UNITED STATES,CHARLES PRECOURT,2,80,1,18.192188004,-3.583394890
HUNGARY,CHARLES SIMONYI,2,81,1,29.856069058,15.124652048
UNITED STATES,CHARLES VEACH,2,82,1,15.109069391,-6.083957407
CHINA,CHEN DONG,2,83,1,29.263442107,11.222737055
JAPAN,"CHIAKI MUKAI, M.D.",2,84,1,-8.232697893,-2.172430371
CHINA,CHINA,1,83,1,30.235886803,10.063812987
CHINA,CHINA,1,143,1,30.235886803,10.063812987
CHINA,CHINA,1,225,1,30.235886803,10.063812987
CHINA,CHINA,1,289,1,30.235886803,10.063812987
CHINA,CHINA,1,290,1,30.235886803,10.063812987
CHINA,CHINA,1,291,1,30.235886803,10.063812987
CHINA,CHINA,1,351,1,30.235886803,10.063812987
CHINA,CHINA,1,535,1,30.235886803,10.063812987
CHINA,CHINA,1,551,1,30.235886803,10.063812987
CHINA,CHINA,1,568,1,30.235886803,10.063812987
CHINA,CHINA,1,569,1,30.235886803,10.063812987
CANADA,CHRIS HADFIELD,2,85,1,-9.125915762,1.620457526
SWEDEN,CHRISTER FUGLESANG,2,86,1,-5.945699308,14.656221143
UNITED STATES,CHRISTINA KOCH,2,87,1,13.304698682,3.342423659
UNITED STATES,CHRISTOPHER CASSIDY,2,88,1,19.437409896,-1.901733457
UNITED STATES,CHRISTOPHER FERGUSON,2,89,1,9.877887308,-6.590233824
SWITZERLAND,CLAUDE NICOLLIER,2,90,1,25.191223123,16.183709228
FRANCE,"CLAUDIE HAIGNERE, EAC",2,91,1,-5.968347975,5.860109571
UNITED STATES,CLAYTON ANDERSON,2,92,1,17.645904440,-3.653890539
CUBA,CUBA,1,46,1,28.218107770,14.493860453
UNITED STATES,CURTIS BROWN,2,93,1,11.412715430,-3.907506680
CZECHOSLOVAKIA,CZECHOSLOVAKIA,1,530,1,24.278650638,21.457527898
CANADA,"DAFYDD WILLIAMS, M.D.",2,94,1,-7.115896011,1.104309975
UNITED STATES,DALE GARDNER,2,95,1,14.380485337,0.665144801
UNITED STATES,DANIEL BARRY,2,96,1,12.461005040,0.100491859
UNITED STATES,DANIEL BRANDENSTEIN,2,97,1,12.703853146,3.733034726
UNITED STATES,DANIEL BURBANK,2,98,1,18.610104909,0.650593910
UNITED STATES,DANIEL BURSCH,2,99,1,12.256819691,-9.036399653
UNITED STATES,DANIEL TANI,2,100,1,7.675659306,-6.369945079
UNITED STATES,DAVID GRIGGS,2,101,1,7.607841114,-0.568376101
UNITED STATES,DAVID HILMERS,2,102,1,7.438082857,-5.769102527
UNITED STATES,DAVID LEESTMA,2,103,1,14.327846678,-3.912113877
UNITED STATES,DAVID M. BROWN,2,104,1,16.628869252,1.499123135
UNITED STATES,DAVID M. WALKER,2,105,1,9.728108572,-7.221521577
CANADA,DAVID SAINT-JACQUES,2,106,1,-8.088118224,1.172295715
UNITED STATES,DAVID SCOTT,2,107,1,16.364239923,-5.623790151
UNITED STATES,"DAVID WOLF, M.D.",2,108,1,17.412900713,-1.713404004
DENMARK,DENMARK,1,33,1,25.416643152,20.324290330
UNITED STATES,DENNIS TITO,2,109,1,8.647215617,-6.352598116
UNITED STATES,DICK SCOBEE,2,110,1,11.012375977,-4.769763718
BELGIUM,DIRK FRIMOUT,2,111,1,25.702704338,18.943343153
RUSSIA,DMITRI KONDRATYEV,2,112,1,6.651426124,23.829488600
UNITED STATES,DOMINIC A. ANTONELLI,2,113,1,9.812776259,-5.075517751
UNITED STATES,DOMINIC GORIE,2,114,1,6.082410682,-2.566809329
UNITED STATES,DON LIND,2,115,1,16.615309826,-6.409207605
UNITED STATES,"DONALD ""DEKE"" SLAYTON",2,116,1,7.643499171,1.266646771
UNITED STATES,DONALD MCMONAGLE,2,117,1,10.245314945,-8.656336983
UNITED STATES,DONALD PETERSON,2,118,1,18.624215261,-5.674574969
UNITED STATES,DONALD PETTIT,2,119,1,8.224992126,-4.460099297
UNITED STATES,DONALD THOMAS,2,120,1,11.643247732,-0.875817347
UNITED STATES,DONALD WILLIAMS,2,121,1,7.728622038,-4.803206307
UNITED STATES,DONN F. EISELE,2,122,1,17.339447857,-4.654412331
UNITED STATES,DOROTHY M. METCALF-LINDENBURGER,2,123,1,9.207979449,0.911295836
UNITED STATES,DOUGLAS G. HURLEY,2,124,1,10.221020281,1.335529689
UNITED STATES,DOUGLAS WHEELOCK,2,125,1,18.664817481,-0.271745962
UNITED STATES,DUANE G. CAREY,2,126,1,11.135932694,3.540689054
ROMANIA,DUMITRU PRUNARIU,2,127,1,-11.524569925,5.245885123
UNITED STATES,EDGAR MITCHELL,2,128,1,11.933207945,1.864337089
UNITED STATES,EDWARD GIBSON,2,129,1,10.781319802,-8.453741476
UNITED STATES,EDWARD LU,2,130,1,7.267772516,-4.489730937
UNITED STATES,EDWARD WHITE,2,131,1,11.120680621,-7.602442389
UNITED STATES,EDWIN J. GARN,2,132,1,7.372226556,0.790374212
UNITED STATES,EILEEN COLLINS,2,133,1,17.260703217,1.421702791
UNITED STATES,ELLEN OCHOA,2,134,1,7.122370344,-1.328113389
UNITED STATES,"ELLEN S. BAKER, M.D.",2,135,1,8.888994714,-4.331947676
UNITED STATES,ELLISON ONIZUKA,2,136,1,13.806678956,-5.834154290
UNITED STATES,ERIC A. BOE,2,137,1,9.572603547,1.791145424
GERMANY,ERNST MESSERSCHMID,2,138,1,-4.697384599,16.341925153
UNITED STATES,EUGENE CERNAN,2,139,1,6.793725460,0.067463378
UNITED STATES,EUGENE TRINH,2,140,1,14.407898649,-1.527290432
RUSSIA,EVGENY TARELKIN,2,141,1,13.773939946,22.947453286
UNITED STATES,"F. DREW GAFFNEY, M.D.",2,142,1,17.780642352,-0.326042248
CHINA,FEI JUNLONG,2,143,1,30.118160087,11.711731410
FRANCE,FRANCE,1,91,1,-7.106560941,6.572058557
FRANCE,FRANCE,1,213,1,-7.106560941,6.572058557
FRANCE,FRANCE,1,214,1,-7.106560941,6.572058557
FRANCE,FRANCE,1,215,1,-7.106560941,6.572058557
FRANCE,FRANCE,1,216,1,-7.106560941,6.572058557
FRANCE,FRANCE,1,297,1,-7.106560941,6.572058557
FRANCE,FRANCE,1,335,1,-7.106560941,6.572058557
FRANCE,FRANCE,1,364,1,-7.106560941,6.572058557
FRANCE,FRANCE,1,377,1,-7.106560941,6.572058557
FRANCE,FRANCE,1,490,1,-7.106560941,6.572058557
ITALY,FRANCO MALERBA,2,144,1,-5.822222206,12.258833946
UNITED STATES,FRANK BORMAN,2,145,1,12.194872136,-5.536097461
BELGIUM,FRANK DE WINNE,2,146,1,25.569427779,17.438809902
UNITED STATES,"FRANK L. CULBERTSON, JR.",2,147,1,9.470409169,2.286177019
UNITED STATES,FRANKLIN CHANG-DIAZ,2,148,1,14.696012763,-8.497593136
AUSTRIA,FRANZ VIEHBOCK,2,149,1,-1.297434697,19.175635157
UNITED STATES,FRED HAISE,2,150,1,7.569052475,-4.045775328
UNITED STATES,FREDERICK GREGORY,2,151,1,16.016090386,-6.237535603
UNITED STATES,FREDERICK HAUCK,2,152,1,8.529702157,0.640472227
UNITED STATES,FREDERICK STURCKOW,2,153,1,15.123671773,-7.551985754
UNITED STATES,FREDERICK W. LESLIE,2,154,1,8.956717893,-5.915565010
RUSSIA,FYODOR YURCHIKHIN,2,155,1,8.036762666,23.904335757
UNITED STATES,G. DAVID LOW,2,156,1,12.671113427,-4.235640203
UNITED STATES,GARRETT REISMAN,2,157,1,12.564856281,-0.964250636
UNITED STATES,GARY PAYTON,2,158,1,10.733754110,1.533200801
RUSSIA,GENNADI MANAKOV,2,159,1,13.859434052,23.599745760
RUSSIA,GENNADI SARAFANOV,2,160,1,7.016417828,24.334321578
RUSSIA,GENNADY PADALKA,2,161,1,8.155515657,24.559050458
RUSSIA,GENNADY STREKALOV,2,162,1,7.524712381,24.520783011
UNITED STATES,GEORGE D. ZAMKA,2,163,1,8.744943410,-6.930301861
UNITED STATES,GEORGE NELSON,2,164,1,13.615502428,2.001194525
RUSSIA,GEORGI BEREGOVOI,2,165,1,7.675762358,21.562968757
RUSSIA,GEORGI DOBROVOLSKI,2,166,1,6.426393377,19.089550071
RUSSIA,GEORGI GRECHKO,2,167,1,12.628843865,18.048761211
BULGARIA,GEORGI IVANOV,2,168,1,-8.500395716,16.113312405
RUSSIA,GEORGI SHONIN,2,169,1,6.600187747,22.498863968
UNITED STATES,GERALD P. CARR,2,170,1,14.082427667,3.023611882
GERMANY,GERHARD THIELE,2,171,1,-3.908382357,16.661637089
GERMANY,GERMANY,1,21,1,-4.029749175,17.838802627
GERMANY,GERMANY,1,138,1,-4.029749175,17.838802627
GERMANY,GERMANY,1,171,1,-4.029749175,17.838802627
GERMANY,GERMANY,1,184,1,-4.029749175,17.838802627
GERMANY,GERMANY,1,272,1,-4.029749175,17.838802627
GERMANY,GERMANY,1,383,1,-4.029749175,17.838802627
GERMANY,GERMANY,1,384,1,-4.029749175,17.838802627
GERMANY,GERMANY,1,453,1,-4.029749175,17.838802627
GERMANY,GERMANY,1,491,1,-4.029749175,17.838802627
GERMANY,GERMANY,1,498,1,-4.029749175,17.838802627
GERMANY,GERMANY,1,499,1,-4.029749175,17.838802627
RUSSIA,GHERMAN TITOV,2,172,1,13.139439397,23.226247086
UNITED STATES,GREGORY B. JARVIS,2,173,1,18.942072764,-0.663644697
UNITED STATES,GREGORY C. JOHNSON,2,174,1,11.484083218,2.186992650
UNITED STATES,GREGORY CHAMITOFF,2,175,1,18.413397003,-2.546717845
UNITED STATES,GREGORY H. JOHNSON,2,176,1,9.088227636,2.707530562
UNITED STATES,GREGORY HARBAUGH,2,177,1,12.004460495,3.763852987
UNITED STATES,GREGORY LINTERIS,2,178,1,9.421411618,-7.715241390
UNITED STATES,GREGORY OLSEN,2,179,1,11.263911549,1.596639181
UNITED STATES,GREGORY R. WISEMAN,2,180,1,15.628117081,-2.320157765
UNITED STATES,GUION BLUFORD,2,181,1,16.764878075,-4.262821055
UNITED STATES,GUY GARDNER,2,182,1,10.703630577,-6.314366107
CANADA,GUY LALIBERTÃ©,2,183,1,-6.721857953,2.796602332
GERMANY,HANS SCHLEGEL,2,184,1,-3.374012433,18.975518912
UNITED STATES,HARRISON SCHMITT,2,185,1,11.137871425,-6.752276595
UNITED ARAB EMIRATES,HAZZA AL MANSOURI,2,186,1,-3.788168112,13.943227150
UNITED STATES,HEIDEMARIE STEFANYSHYN-PIPER,2,187,1,14.076134629,-7.949941715
UNITED KINGDOM,HELEN SHARMAN,2,188,1,-10.227842050,9.550990530
UNITED STATES,HENRY HARTSFIELD,2,189,1,11.601650085,3.423681833
HUNGARY,HUNGARY,1,52,1,30.114341501,14.286665685
HUNGARY,HUNGARY,1,81,1,30.114341501,14.286665685
RUSSIA,IGOR VOLK,2,190,1,13.384920617,21.819831351
ISRAEL,ILAN RAMON,2,191,1,-1.777036632,21.743969455
INDIA,INDIA,1,381,1,30.530584978,5.576871384
IRAN,IRAN,1,43,1,-9.838024719,13.917493985
ISRAEL,ISRAEL,1,191,1,-1.904600195,22.556666990
ITALY,ITALY,1,144,1,-7.099129134,11.593811033
ITALY,ITALY,1,296,1,-7.099129134,11.593811033
ITALY,ITALY,1,315,1,-7.099129134,11.593811033
ITALY,ITALY,1,363,1,-7.099129134,11.593811033
ITALY,ITALY,1,413,1,-7.099129134,11.593811033
ITALY,ITALY,1,428,1,-7.099129134,11.593811033
ITALY,ITALY,1,500,1,-7.099129134,11.593811033
SLOVAKIA,IVAN BELLA,2,192,1,32.088860598,5.879325963
RUSSIA,IVAN VAGNER,2,193,1,12.210814472,20.425780995
UNITED STATES,JACK D. FISCHER,2,194,1,13.906707223,-8.928682272
UNITED STATES,JACK LOUSMA,2,195,1,16.861392591,-5.161042911
UNITED STATES,"JAMES ""OX"" VAN HOFTEN",2,196,1,15.731882803,3.221813188
UNITED STATES,JAMES ADAMSON,2,197,1,7.578820395,-1.830331280
UNITED STATES,JAMES BUCHLI,2,198,1,12.494499485,-8.004897509
UNITED STATES,JAMES DUTTON,2,199,1,18.333982395,-1.611336114
UNITED STATES,JAMES F. REILLY,2,200,1,14.248255631,1.372425593
UNITED STATES,JAMES H. NEWMAN,2,201,1,10.635826836,-4.054614344
UNITED STATES,JAMES HALSELL,2,202,1,18.207393584,-5.905192771
UNITED STATES,JAMES IRWIN,2,203,1,15.704233225,-5.695875188
UNITED STATES,JAMES M. KELLY,2,204,1,14.507487894,-0.748763242
UNITED STATES,JAMES MCDIVITT,2,205,1,13.444717156,-8.584866889
UNITED STATES,"JAMES P. BAGIAN, M.D.",2,206,1,13.227958971,2.618422590
UNITED STATES,JAMES PAWELCZYK,2,207,1,8.358978706,1.290092774
UNITED STATES,JAMES VOSS,2,208,1,10.172389419,0.571395422
UNITED STATES,JAMES WETHERBEE,2,209,1,8.151975857,-0.407966142
UNITED STATES,JANET L. KAVANDI,2,210,1,14.118374731,-3.004492590
UNITED STATES,JANICE VOSS,2,211,1,15.876210497,-6.959971410
JAPAN,JAPAN,1,2,1,-9.411420462,-1.645210636
JAPAN,JAPAN,1,84,1,-9.411420462,-1.645210636
JAPAN,JAPAN,1,270,1,-9.411420462,-1.645210636
JAPAN,JAPAN,1,273,1,-9.411420462,-1.645210636
JAPAN,JAPAN,1,301,1,-9.411420462,-1.645210636
JAPAN,JAPAN,1,344,1,-9.411420462,-1.645210636
JAPAN,JAPAN,1,352,1,-9.411420462,-1.645210636
JAPAN,JAPAN,1,431,1,-9.411420462,-1.645210636
JAPAN,JAPAN,1,454,1,-9.411420462,-1.645210636
JAPAN,JAPAN,1,475,1,-9.411420462,-1.645210636
JAPAN,JAPAN,1,476,1,-9.411420462,-1.645210636
JAPAN,JAPAN,1,496,1,-9.411420462,-1.645210636
UNITED STATES,"JAY C. BUCKEY, M.D.",2,212,1,15.005653397,-0.251049219
FRANCE,"JEAN-FRANÃ§OIS CLERVOY, EAC",2,213,1,-6.687048253,5.259138770
FRANCE,JEAN-JACQUES FAVIER,2,214,1,-7.725504451,5.488836057
FRANCE,JEAN-LOUP CHRETIEN,2,215,1,-7.012882849,7.914653599
FRANCE,"JEAN-PIERRE HAIGNERÃ©, EAC",2,216,1,-5.598078892,6.646609142
UNITED STATES,JEFFREY ASHBY,2,217,1,14.114192478,0.036346378
UNITED STATES,JEFFREY HOFFMAN,2,218,1,11.636994421,-8.940885019
UNITED STATES,JEFFREY WILLIAMS,2,219,1,18.388970365,-4.741228720
UNITED STATES,JEROME APT,2,220,1,13.191902214,-0.074418504
UNITED STATES,JERRY L. ROSS,2,221,1,11.339838671,-8.371457847
UNITED STATES,JERRY LINENGER,2,222,1,19.277818556,-3.803534464
UNITED STATES,JESSICA MEIR,2,223,1,11.603555562,-1.816939477
UNITED STATES,JIM LOVELL,2,224,1,10.283513049,-8.145319070
CHINA,JING HAIPENG,2,225,1,29.408134868,8.845567322
UNITED STATES,JOAN HIGGINBOTHAM,2,226,1,14.455186130,-5.657288520
UNITED STATES,JOE EDWARDS,2,227,1,6.206665878,-1.934661897
UNITED STATES,JOE H. ENGLE,2,228,1,17.922480754,-1.324279301
UNITED STATES,"JOHN ""JACK"" SWIGERT",2,229,1,16.173058080,2.335634829
UNITED STATES,JOHN BLAHA,2,230,1,16.123159791,-3.627933621
UNITED STATES,JOHN CASPER,2,231,1,16.750196057,-2.455279105
UNITED STATES,JOHN D. OLIVAS,2,232,1,10.609430113,3.434496212
UNITED STATES,JOHN FABIAN,2,233,1,15.710785070,-7.605605815
UNITED STATES,JOHN GLENN,2,234,1,8.949179099,-2.433979130
UNITED STATES,JOHN GRUNSFELD,2,235,1,16.009886607,-4.345753025
UNITED STATES,JOHN HERRINGTON,2,236,1,18.489629915,-3.148434551
UNITED STATES,JOHN LOUNGE,2,237,1,10.916331442,2.315417214
UNITED STATES,JOHN O. CREIGHTON,2,238,1,16.096917222,1.843803692
UNITED STATES,JOHN PHILLIPS,2,239,1,17.245563314,-7.325465241
UNITED STATES,JOHN YOUNG,2,240,1,13.665115274,-6.715693646
UNITED STATES,JOHN-DAVID F. BARTOE,2,241,1,8.148127910,-6.015303827
UNITED STATES,JON MCBRIDE,2,242,1,8.513956188,-7.645231037
UNITED STATES,JOSEPH A. WALKER,2,243,1,9.866212317,-3.608119960
UNITED STATES,"JOSEPH KERWIN, M.D.",2,244,1,9.362004320,-0.412289680
UNITED STATES,JOSEPH M. ACABA,2,245,1,11.577224807,-7.756094354
UNITED STATES,JOSEPH P. ALLEN,2,246,1,15.752793168,-8.273236305
UNITED STATES,JOSEPH TANNER,2,247,1,11.572173009,0.722254576
UNITED STATES,JOSÃ© HERNÃ¡NDEZ,2,248,1,9.865394829,-7.987152593
UNITED STATES,JUDITH RESNIK,2,249,1,9.474387973,0.409591789
MONGOLIA,JUGDERDEMIDIIN GURRAGCHAA,2,250,1,31.720636106,3.291182870
CANADA,JULIE PAYETTE,2,251,1,-6.632238265,1.819914659
UNITED STATES,K. MEGAN MCARTHUR,2,252,1,9.323162818,-1.954954330
UNITED STATES,KALPANA CHAWLA,2,253,1,19.303643262,-1.036207684
UNITED STATES,KAREN NYBERG,2,254,1,15.147086118,1.961786314
UNITED STATES,KARL HENIZE,2,255,1,8.554131245,-5.532850613
UNITED STATES,KAROL BOBKO,2,256,1,6.761550848,-5.214695961
UNITED STATES,KATHLEEN RUBINS,2,257,1,9.139132332,-4.983299876
UNITED STATES,KATHRYN HIRE,2,258,1,8.040190957,-3.641841948
UNITED STATES,KATHRYN SULLIVAN,2,259,1,7.210721550,-3.646332733
UNITED STATES,KATHRYN THORNTON,2,260,1,9.701693338,-1.080624653
KAZAKHSTAN,KAZAKHSTAN,1,47,1,-4.360568962,9.869330127
KAZAKHSTAN,KAZAKHSTAN,1,477,1,-4.360568962,9.869330127
UNITED STATES,KENNETH BOWERSOX,2,261,1,18.092585191,0.496883805
UNITED STATES,KENNETH COCKRELL,2,262,1,6.351588667,-2.978838927
UNITED STATES,KENNETH D. CAMERON,2,263,1,10.847239152,-2.530674389
UNITED STATES,KENNETH HAM,2,264,1,17.633808188,1.101958016
UNITED STATES,KENNETH REIGHTLER,2,265,1,15.590293416,0.025821731
UNITED STATES,KENT ROMINGER,2,266,1,15.803626569,-5.033985045
UNITED STATES,KEVIN A. FORD,2,267,1,17.058492546,0.936161148
UNITED STATES,KEVIN KREGEL,2,268,1,15.154902592,-8.537841952
UNITED STATES,KEVIN P. CHILTON,2,269,1,9.023430912,1.785323237
JAPAN,KIMIYA YUI,2,270,1,-10.955895238,-1.113639098
UNITED STATES,KJELL N. LINDGREN,2,271,1,17.679199738,-5.161461868
GERMANY,KLAUS-DIETRICH FLADE,2,272,1,-3.140893302,16.499516111
JAPAN,KOICHI WAKATA,2,273,1,-9.686875555,-2.548073026
RUSSIA,KONSTANTIN FEOKTISTOV,2,274,1,14.368709701,19.353215845
RUSSIA,KONSTANTIN KOZEYEV,2,275,1,9.915648245,19.512647508
UNITED STATES,"L. GORDON COOPER, JR.",2,276,1,16.037344444,-2.884942793
UNITED STATES,"LAUREL B. CLARK, M.D.",2,277,1,14.531250618,2.664558754
UNITED STATES,LAWRENCE J. DELUCAS,2,278,1,16.714412465,0.085296103
UNITED STATES,LEE ARCHAMBAULT,2,279,1,15.004419017,1.139767767
UNITED STATES,LEE MORIN,2,280,1,7.882243175,-5.432409064
UNITED STATES,LELAND D. MELVIN,2,281,1,6.584818193,-3.573730369
UKRAINE,LEONID KADENIUK,2,282,1,-10.871024169,11.672923995
RUSSIA,LEONID KIZIM,2,283,1,13.188853525,18.456296518
RUSSIA,LEONID POPOV,2,284,1,12.066437400,18.229583568
UNITED STATES,LEROY CHIAO,2,285,1,6.561281605,-1.423683725
RUSSIA,LEV DYOMIN,2,286,1,7.171325812,18.860251095
UNITED STATES,LINDA GODWIN,2,287,1,10.971251461,0.809007031
UNITED STATES,LISA NOWAK,2,288,1,9.027664838,-3.456676063
CHINA,LIU BOMING,2,289,1,30.252949898,8.949698925
CHINA,LIU WANG,2,290,1,31.583160493,10.162528596
CHINA,LIU YANG,2,291,1,31.466725852,9.257010520
UNITED STATES,LLOYD HAMMOND,2,292,1,13.515765283,-1.758273411
UNITED STATES,LODEWIJK VAN DEN BERG,2,293,1,6.450171210,-0.958398845
UNITED STATES,LOREN ACTON,2,294,1,15.232182408,-3.134933835
UNITED STATES,LOREN SHRIVER,2,295,1,16.759116175,-7.715401964
ITALY,LUCA PARMITANO,2,296,1,-7.010030099,10.380887950
FRANCE,"LÃ©OPOLD EYHARTS, EAC",2,297,1,-8.877000446,6.761671196
UNITED STATES,MAE CAROL JEMISON,2,298,1,6.982752935,-2.725457741
UNITED STATES,"MAE JEMISON, M.D.",2,299,1,13.722187805,1.272814583
RUSSIA,MAKSIM SURAYEV,2,300,1,5.977804069,21.527918998
MALAYSIA,MALAYSIA,1,450,1,27.629293865,12.838346901
JAPAN,MAMORU MOHRI,2,301,1,-10.383671353,0.028217366
CANADA,MARC GARNEAU,2,302,1,-9.698822196,3.118699661
BRAZIL,MARCOS PONTES,2,303,1,-8.299059561,14.420846205
UNITED STATES,"MARIO RUNCO, JR.",2,304,1,16.734432623,-1.827444106
UNITED STATES,MARK BROWN,2,305,1,17.578886491,-0.938682047
UNITED STATES,MARK C. LEE,2,306,1,10.685002820,-7.151717756
UNITED STATES,MARK KELLY,2,307,1,6.980562739,-5.655179173
UNITED STATES,MARK POLANSKY,2,308,1,14.151073336,-6.454230073
SOUTH AFRICA,MARK SHUTTLEWORTH,2,309,1,23.711138416,15.691845009
UNITED STATES,MARK VANDE HEI,2,310,1,11.064434624,-8.907259260
UNITED STATES,MARSHA IVINS,2,311,1,8.588523502,-1.856123630
UNITED STATES,MARTIN J. FETTMAN,2,312,1,14.693521054,1.816170126
UNITED STATES,MARY ELLEN WEBER,2,313,1,16.647283212,-3.103528904
UNITED STATES,MARY L. CLEAVE,2,314,1,15.048795766,0.461762625
ITALY,MAURIZIO CHELI,2,315,1,-6.048069596,11.082971975
MEXICO,MEXICO,1,414,1,-6.341364344,-8.231598352
UNITED STATES,MICHAEL BAKER,2,316,1,13.040808722,-6.622903677
UNITED STATES,MICHAEL COATS,2,317,1,14.416473443,-7.187169832
UNITED STATES,MICHAEL COLLINS,2,318,1,13.781179410,2.587461713
UNITED STATES,MICHAEL FINCKE,2,319,1,17.874463082,-2.913527466
UNITED KINGDOM,MICHAEL FOALE,2,320,1,-11.544663200,8.218892031
UNITED STATES,MICHAEL FOREMAN,2,321,1,8.550876880,-0.133245851
UNITED STATES,MICHAEL FOSSUM,2,322,1,11.218638980,2.886699628
UNITED STATES,MICHAEL GERNHARDT,2,323,1,7.351534798,-5.123279702
UNITED STATES,MICHAEL J. BLOOMFIELD,2,324,1,8.261711526,-7.243776208
UNITED STATES,MICHAEL J. MCCULLEY,2,325,1,11.439929139,-5.317019372
UNITED STATES,MICHAEL J. SMITH,2,326,1,7.659976496,-0.006487479
UNITED STATES,MICHAEL LOPEZ-ALEGRIA,2,327,1,18.030030067,-4.461309793
UNITED STATES,MICHAEL MASSIMINO,2,328,1,13.807448490,3.434036160
UNITED STATES,MICHAEL MELVILL,2,329,1,8.344424243,1.972422028
UNITED STATES,MICHAEL P. ANDERSON,2,330,1,11.796762887,2.727933638
UNITED STATES,"MICHAEL R. BARRATT, M.D.",2,331,1,16.207906063,-0.139354416
UNITED STATES,MICHAEL R. CLIFFORD,2,332,1,17.023528844,1.949161968
UNITED STATES,MICHAEL S. HOPKINS,2,333,1,14.369768313,3.610761029
UNITED STATES,MICHAEL T. GOOD,2,334,1,12.237588235,-7.472700349
FRANCE,"MICHEL TOGNINI, EAC",2,335,1,-6.079832293,7.478432179
RUSSIA,MIKHAIL KORNIYENKO,2,336,1,10.064849984,18.762626841
RUSSIA,MIKHAIL TYURIN,2,337,1,9.123262893,19.181029553
UNITED STATES,MILLIE HUGHES-FULFORD,2,338,1,12.791376612,3.271209434
POLAND,MIROSLAW HERMASZEWSKI,2,339,1,-6.826781870,-4.622208610
MONGOLIA,MONGOLIA,1,250,1,31.772595409,4.134581622
SYRIA,MUHAMMED FARIS,2,340,1,-6.058485888,-6.398458364
RUSSIA,MUSA MANAROV,2,341,1,6.399036788,20.511158825
UNITED STATES,NANCY J. CURRIE,2,342,1,11.637447564,-3.077267801
UNITED STATES,NANCY JAN DAVIS,2,343,1,7.969761336,0.875814733
JAPAN,NAOKO YAMAZAKI,2,344,1,-7.745177615,-1.559157357
UNITED STATES,NEIL ARMSTRONG,2,345,1,17.489746348,-2.373997960
NETHERLANDS,NETHERLANDS,1,40,1,-2.509657435,12.046568476
NETHERLANDS,NETHERLANDS,1,550,1,-2.509657435,12.046568476
UNITED STATES,NICHOLAS PATRICK,2,346,1,18.155655101,1.004137861
UNITED STATES,NICK HAGUE,2,347,1,15.160295573,-3.848151773
UNITED STATES,NICOLE MARIE PASSONNO STOTT,2,348,1,16.573638874,-0.655605552
RUSSIA,NIKOLAI BUDARIN,2,349,1,10.632691634,25.427245820
RUSSIA,NIKOLAY RUKAVISHNIKOV,2,350,1,10.869913407,19.878034588
CHINA,NIÃ¨ HÇISHÃ¨NG,2,351,1,28.929355053,9.649883536
JAPAN,NORISHIGE KANAI,2,352,1,-10.646353075,-2.115690167
UNITED STATES,"NORMAN THAGARD, M.D.",2,353,1,13.735838799,-5.019837799
RUSSIA,OLEG ARTEMYEV,2,354,1,10.770728570,18.821742413
RUSSIA,OLEG ATKOV,2,355,1,9.641471211,17.989117589
RUSSIA,OLEG KONONENKO,2,356,1,11.555035835,24.292812732
RUSSIA,OLEG KOTOV,2,357,1,12.472848388,23.763455829
RUSSIA,OLEG MAKAROV,2,358,1,8.893208393,25.326684623
RUSSIA,OLEG NOVITSKIY,2,359,1,15.058923629,21.177413676
RUSSIA,OLEG SKRIPOCHKA,2,360,1,14.435565247,22.983895762
UNITED STATES,OWEN GARRIOTT,2,361,1,12.139805109,-8.538169380
UNITED STATES,PAMELA MELROY,2,362,1,16.618682465,2.465342786
ITALY,PAOLO A. NESPOLI,2,363,1,-8.405107417,11.416304351
FRANCE,PATRICK BAUDRY,2,364,1,-8.096990674,6.965112626
UNITED STATES,PATRICK FORRESTER,2,365,1,17.702409364,-6.145363259
UNITED STATES,PAUL LOCKHART,2,366,1,10.241267429,-0.811605482
UNITED STATES,PAUL SCULLY-POWER,2,367,1,15.731539301,2.747191075
UNITED STATES,PAUL W. RICHARDS,2,368,1,10.584200738,-7.766899916
UNITED STATES,PAUL WEITZ,2,369,1,10.200876031,-7.122689325
RUSSIA,PAVEL BELYAYEV,2,370,1,9.398005107,24.990360597
RUSSIA,PAVEL POPOVICH,2,371,1,5.765740620,22.010011016
RUSSIA,PAVEL VINOGRADOV,2,372,1,11.677459040,17.710137684
SPAIN,PEDRO DUQUE,2,373,1,23.106276794,18.963025741
UNITED STATES,PEGGY WHITSON,2,374,1,15.167187105,3.456522941
PERU,PERU,1,69,1,-3.823756678,21.844062995
UNITED STATES,PETER WISOFF,2,375,1,17.602026490,1.923075310
RUSSIA,PETR KLIMUK,2,376,1,11.367283009,20.572259320
FRANCE,"PHILIPPE PERRIN, EAC",2,377,1,-7.985706336,7.846573735
VIETNAM,PHÁM TUAN,2,378,1,-1.658963757,14.543225425
UNITED STATES,PIERRE THUOT,2,379,1,8.835055120,1.315975593
UNITED STATES,PIERS SELLERS,2,380,1,9.422190215,-4.183001197
POLAND,POLAND,1,339,1,-7.546828851,-5.216360826
INDIA,RAKESH SHARMA,2,381,1,30.192257996,6.358588658
UNITED STATES,RANDOLPH BRESNIK,2,382,1,19.408889946,-3.251117658
GERMANY,REINHARD FURRER,2,383,1,-5.394718002,17.117465036
GERMANY,REINHOLD EWALD,2,384,1,-2.784189821,18.129298254
UNITED STATES,REX WALHEIM,2,385,1,8.758092260,-0.889384494
UNITED STATES,"RHEA SEDDON, M.D.",2,386,1,14.283287462,2.133911137
UNITED STATES,RICHARD GARRIOTT,2,387,1,18.255319873,0.006806797
UNITED STATES,RICHARD GORDON,2,388,1,17.331391150,-3.131533441
UNITED STATES,RICHARD HIEB,2,389,1,9.206850757,-1.354793056
UNITED STATES,RICHARD LINNEHAN,2,390,1,9.457812733,-5.611741281
UNITED STATES,RICHARD MASTRACCHIO,2,391,1,12.621995407,2.800508804
UNITED STATES,RICHARD MULLANE,2,392,1,18.602349297,-5.220288953
UNITED STATES,RICHARD N. RICHARDS,2,393,1,8.071702469,-2.943961809
UNITED STATES,RICHARD O. COVEY,2,394,1,15.276501900,-1.371351122
UNITED STATES,RICHARD R. ARNOLD,2,395,1,10.061242872,-4.445331246
UNITED STATES,RICHARD SEARFOSS,2,396,1,13.568137876,-0.796818796
UNITED STATES,RICHARD TRULY,2,397,1,11.967455447,-4.638222296
UNITED STATES,RICK HUSBAND,2,398,1,9.238788129,-6.978232384
UNITED STATES,ROBERT CRIPPEN,2,399,1,13.204051441,-7.914005210
UNITED STATES,ROBERT CURBEAM,2,400,1,8.126588480,-6.741910563
UNITED STATES,ROBERT D. CABANA,2,401,1,10.248183754,-2.994925791
UNITED STATES,ROBERT J. CENKER,2,402,1,18.525145229,-4.123631520
UNITED STATES,ROBERT L. BEHNKEN,2,403,1,6.714206744,-2.339357062
UNITED STATES,ROBERT L. GIBSON,2,404,1,7.835926766,1.729785029
UNITED STATES,ROBERT OVERMYER,2,405,1,6.801139358,-1.827705463
UNITED STATES,ROBERT PARKER,2,406,1,19.035653678,0.030241830
UNITED STATES,ROBERT S. KIMBROUGH,2,407,1,17.633141529,0.260942622
UNITED STATES,"ROBERT SATCHER, M.D.",2,408,1,10.029951500,-6.070397548
UNITED STATES,ROBERT SPRINGER,2,409,1,7.337409799,-2.322352641
UNITED STATES,ROBERT STEWART,2,410,1,12.970136225,-5.210730007
CANADA,"ROBERT THIRSK, M.D.",2,411,1,-9.820451407,2.259689212
CANADA,"ROBERTA BONDAR, M.D.",2,412,1,-8.850568984,2.872009961
ITALY,ROBERTO VITTORI,2,413,1,-8.094212204,12.350163694
MEXICO,RODOLFO NERI VELA,2,414,1,-7.148922806,-7.811568588
UNITED STATES,ROGER K. CROUCH,2,415,1,9.997928037,2.411468184
RUSSIA,ROMAN ROMANENKO,2,416,1,7.398991147,23.689263478
ROMANIA,ROMANIA,1,127,1,-11.531320643,6.023186730
UNITED STATES,RONALD A. PARISE,2,417,1,17.210807529,-0.392292940
UNITED STATES,RONALD EVANS,2,418,1,19.004956216,-2.398121817
UNITED STATES,RONALD GARAN,2,419,1,17.227605493,-6.464383950
UNITED STATES,RONALD GRABE,2,420,1,8.678016744,-2.955122025
UNITED STATES,RONALD MCNAIR,2,421,1,11.724322542,-0.001680074
UNITED STATES,RONALD SEGA,2,422,1,6.891404930,-3.202314334
UNITED STATES,ROY BRIDGES,2,423,1,12.419632146,-6.217050649
RUSSIA,RUSSIA,1,8,1,10.330913893,21.484238275
RUSSIA,RUSSIA,1,9,1,10.330913893,21.484238275
RUSSIA,RUSSIA,1,10,1,10.330913893,21.484238275
RUSSIA,RUSSIA,1,11,1,10.330913893,21.484238275
RUSSIA,RUSSIA,1,12,1,10.330913893,21.484238275
RUSSIA,RUSSIA,1,13,1,10.330913893,21.484238275
RUSSIA,RUSSIA,1,14,1,10.330913893,21.484238275
RUSSIA,RUSSIA,1,15,1,10.330913893,21.484238275
RUSSIA,RUSSIA,1,16,1,10.330913893,21.484238275
RUSSIA,RUSSIA,1,17,1,10.330913893,21.484238275
RUSSIA,RUSSIA,1,18,1,10.330913893,21.484238275
RUSSIA,RUSSIA,1,19,1,10.330913893,21.484238275
RUSSIA,RUSSIA,1,20,1,10.330913893,21.484238275
RUSSIA,RUSSIA,1,22,1,10.330913893,21.484238275
RUSSIA,RUSSIA,1,23,1,10.330913893,21.484238275
RUSSIA,RUSSIA,1,24,1,10.330913893,21.484238275
RUSSIA,RUSSIA,1,25,1,10.330913893,21.484238275
RUSSIA,RUSSIA,1,27,1,10.330913893,21.484238275
RUSSIA,RUSSIA,1,28,1,10.330913893,21.484238275
RUSSIA,RUSSIA,1,29,1,10.330913893,21.484238275
RUSSIA,RUSSIA,1,30,1,10.330913893,21.484238275
RUSSIA,RUSSIA,1,31,1,10.330913893,21.484238275
RUSSIA,RUSSIA,1,32,1,10.330913893,21.484238275
RUSSIA,RUSSIA,1,34,1,10.330913893,21.484238275
RUSSIA,RUSSIA,1,39,1,10.330913893,21.484238275
RUSSIA,RUSSIA,1,45,1,10.330913893,21.484238275
RUSSIA,RUSSIA,1,55,1,10.330913893,21.484238275
RUSSIA,RUSSIA,1,56,1,10.330913893,21.484238275
RUSSIA,RUSSIA,1,57,1,10.330913893,21.484238275
RUSSIA,RUSSIA,1,112,1,10.330913893,21.484238275
RUSSIA,RUSSIA,1,141,1,10.330913893,21.484238275
RUSSIA,RUSSIA,1,155,1,10.330913893,21.484238275
RUSSIA,RUSSIA,1,159,1,10.330913893,21.484238275
RUSSIA,RUSSIA,1,160,1,10.330913893,21.484238275
RUSSIA,RUSSIA,1,161,1,10.330913893,21.484238275
RUSSIA,RUSSIA,1,162,1,10.330913893,21.484238275
RUSSIA,RUSSIA,1,165,1,10.330913893,21.484238275
RUSSIA,RUSSIA,1,166,1,10.330913893,21.484238275
RUSSIA,RUSSIA,1,167,1,10.330913893,21.484238275
RUSSIA,RUSSIA,1,169,1,10.330913893,21.484238275
RUSSIA,RUSSIA,1,172,1,10.330913893,21.484238275
RUSSIA,RUSSIA,1,190,1,10.330913893,21.484238275
RUSSIA,RUSSIA,1,193,1,10.330913893,21.484238275
RUSSIA,RUSSIA,1,274,1,10.330913893,21.484238275
RUSSIA,RUSSIA,1,275,1,10.330913893,21.484238275
RUSSIA,RUSSIA,1,283,1,10.330913893,21.484238275
RUSSIA,RUSSIA,1,284,1,10.330913893,21.484238275
RUSSIA,RUSSIA,1,286,1,10.330913893,21.484238275
RUSSIA,RUSSIA,1,300,1,10.330913893,21.484238275
RUSSIA,RUSSIA,1,336,1,10.330913893,21.484238275
RUSSIA,RUSSIA,1,337,1,10.330913893,21.484238275
RUSSIA,RUSSIA,1,341,1,10.330913893,21.484238275
RUSSIA,RUSSIA,1,349,1,10.330913893,21.484238275
RUSSIA,RUSSIA,1,350,1,10.330913893,21.484238275
RUSSIA,RUSSIA,1,354,1,10.330913893,21.484238275
RUSSIA,RUSSIA,1,355,1,10.330913893,21.484238275
RUSSIA,RUSSIA,1,356,1,10.330913893,21.484238275
RUSSIA,RUSSIA,1,357,1,10.330913893,21.484238275
RUSSIA,RUSSIA,1,358,1,10.330913893,21.484238275
RUSSIA,RUSSIA,1,359,1,10.330913893,21.484238275
RUSSIA,RUSSIA,1,360,1,10.330913893,21.484238275
RUSSIA,RUSSIA,1,370,1,10.330913893,21.484238275
RUSSIA,RUSSIA,1,371,1,10.330913893,21.484238275
RUSSIA,RUSSIA,1,372,1,10.330913893,21.484238275
RUSSIA,RUSSIA,1,376,1,10.330913893,21.484238275
RUSSIA,RUSSIA,1,416,1,10.330913893,21.484238275
RUSSIA,RUSSIA,1,426,1,10.330913893,21.484238275
RUSSIA,RUSSIA,1,439,1,10.330913893,21.484238275
RUSSIA,RUSSIA,1,440,1,10.330913893,21.484238275
RUSSIA,RUSSIA,1,441,1,10.330913893,21.484238275
RUSSIA,RUSSIA,1,442,1,10.330913893,21.484238275
RUSSIA,RUSSIA,1,443,1,10.330913893,21.484238275
RUSSIA,RUSSIA,1,444,1,10.330913893,21.484238275
RUSSIA,RUSSIA,1,445,1,10.330913893,21.484238275
RUSSIA,RUSSIA,1,446,1,10.330913893,21.484238275
RUSSIA,RUSSIA,1,447,1,10.330913893,21.484238275
RUSSIA,RUSSIA,1,474,1,10.330913893,21.484238275
RUSSIA,RUSSIA,1,495,1,10.330913893,21.484238275
RUSSIA,RUSSIA,1,501,1,10.330913893,21.484238275
RUSSIA,RUSSIA,1,502,1,10.330913893,21.484238275
RUSSIA,RUSSIA,1,503,1,10.330913893,21.484238275
RUSSIA,RUSSIA,1,504,1,10.330913893,21.484238275
RUSSIA,RUSSIA,1,505,1,10.330913893,21.484238275
RUSSIA,RUSSIA,1,506,1,10.330913893,21.484238275
RUSSIA,RUSSIA,1,507,1,10.330913893,21.484238275
RUSSIA,RUSSIA,1,508,1,10.330913893,21.484238275
RUSSIA,RUSSIA,1,509,1,10.330913893,21.484238275
RUSSIA,RUSSIA,1,511,1,10.330913893,21.484238275
RUSSIA,RUSSIA,1,512,1,10.330913893,21.484238275
RUSSIA,RUSSIA,1,513,1,10.330913893,21.484238275
RUSSIA,RUSSIA,1,514,1,10.330913893,21.484238275
RUSSIA,RUSSIA,1,515,1,10.330913893,21.484238275
RUSSIA,RUSSIA,1,516,1,10.330913893,21.484238275
RUSSIA,RUSSIA,1,518,1,10.330913893,21.484238275
RUSSIA,RUSSIA,1,519,1,10.330913893,21.484238275
RUSSIA,RUSSIA,1,520,1,10.330913893,21.484238275
RUSSIA,RUSSIA,1,521,1,10.330913893,21.484238275
RUSSIA,RUSSIA,1,522,1,10.330913893,21.484238275
RUSSIA,RUSSIA,1,523,1,10.330913893,21.484238275
RUSSIA,RUSSIA,1,524,1,10.330913893,21.484238275
RUSSIA,RUSSIA,1,525,1,10.330913893,21.484238275
RUSSIA,RUSSIA,1,526,1,10.330913893,21.484238275
RUSSIA,RUSSIA,1,527,1,10.330913893,21.484238275
RUSSIA,RUSSIA,1,528,1,10.330913893,21.484238275
RUSSIA,RUSSIA,1,529,1,10.330913893,21.484238275
RUSSIA,RUSSIA,1,531,1,10.330913893,21.484238275
RUSSIA,RUSSIA,1,532,1,10.330913893,21.484238275
RUSSIA,RUSSIA,1,552,1,10.330913893,21.484238275
RUSSIA,RUSSIA,1,553,1,10.330913893,21.484238275
RUSSIA,RUSSIA,1,554,1,10.330913893,21.484238275
RUSSIA,RUSSIA,1,556,1,10.330913893,21.484238275
RUSSIA,RUSSIA,1,557,1,10.330913893,21.484238275
RUSSIA,RUSSIA,1,558,1,10.330913893,21.484238275
RUSSIA,RUSSIA,1,559,1,10.330913893,21.484238275
RUSSIA,RUSSIA,1,560,1,10.330913893,21.484238275
RUSSIA,RUSSIA,1,561,1,10.330913893,21.484238275
RUSSIA,RUSSIA,1,562,1,10.330913893,21.484238275
RUSSIA,RUSSIA,1,563,1,10.330913893,21.484238275
RUSSIA,RUSSIA,1,564,1,10.330913893,21.484238275
RUSSIA,RUSSIA,1,565,1,10.330913893,21.484238275
RUSSIA,RUSSIA,1,566,1,10.330913893,21.484238275
RUSSIA,RUSSIA,1,567,1,10.330913893,21.484238275
UNITED STATES,RUSTY SCHWEICKART,2,424,1,12.806206915,-8.346041634
UNITED STATES,S. CHRISTA MCAULIFFE,2,425,1,7.965095394,-2.342262995
RUSSIA,SALIZHAN SHARIPOV,2,426,1,7.866780174,20.766929462
UNITED STATES,SALLY RIDE,2,427,1,16.429488242,-6.983232257
ITALY,SAMANTHA CRISTOFORETTI,2,428,1,-7.999394562,10.574081931
UNITED STATES,SAMUEL T. DURRANCE,2,429,1,17.247262925,-5.592546421
UNITED STATES,SANDRA MAGNUS,2,430,1,12.300214071,2.350165503
JAPAN,SATOSHI FURUKAWA,2,431,1,-8.207377075,-2.936518863
SAUDI ARABIA,SAUDI ARABIA,1,470,1,28.785323150,16.488516671
UNITED STATES,SCOTT ALTMAN,2,432,1,15.568968013,2.187287696
UNITED STATES,SCOTT CARPENTER,2,433,1,12.600189671,-7.062363564
UNITED STATES,SCOTT D. TINGLE,2,434,1,13.177453919,-7.366579658
UNITED STATES,SCOTT HOROWITZ,2,435,1,10.297441225,2.014563960
UNITED STATES,SCOTT KELLY,2,436,1,7.522639753,-1.106039752
UNITED STATES,"SCOTT PARAZYNSKI, M.D.",2,437,1,14.565853545,-7.861075734
UNITED STATES,SERENA AUÃ±Ã³N-CHANCELLOR,2,438,1,14.760328372,3.197804986
RUSSIA,SERGEI AVDEYEV,2,439,1,8.776112092,24.535203372
RUSSIA,SERGEI KRIKALEV,2,440,1,13.097203440,19.290476722
RUSSIA,SERGEI REVIN,2,441,1,11.831897781,23.525380369
RUSSIA,SERGEI RYAZANSKI,2,442,1,13.288251211,23.900261758
RUSSIA,SERGEI TRESHCHOV,2,443,1,13.735115473,19.354971695
RUSSIA,SERGEI ZALYOTIN,2,444,1,8.536760679,18.411747891
RUSSIA,SERGEY NIKOLAYEVICH RYZHIKOV,2,445,1,11.999543034,22.553996325
RUSSIA,SERGEY PROKOPYEV,2,446,1,14.121048227,21.683362503
RUSSIA,SERGEY VOLKOV,2,447,1,8.778435709,22.259660822
UNITED STATES,SHANNON LUCID,2,448,1,19.101677977,-1.476423009
UNITED STATES,SHANNON WALKER,2,449,1,17.995665906,-2.207272621
MALAYSIA,"SHEIKH MUSZAPHAR SHUKOR, M.D.",2,450,1,27.026025045,12.208251974
UNITED STATES,SHERWOOD SPRING,2,451,1,17.012303718,-1.215920821
UNITED STATES,SIDNEY GUTIERREZ,2,452,1,6.541766354,-0.430997772
GERMANY,SIGMUND JÄHN,2,453,1,-5.088419325,19.009409896
SLOVAKIA,SLOVAKIA,1,192,1,32.165976439,6.700458423
JAPAN,SOICHI NOGUCHI,2,454,1,-9.281257116,-0.371482606
UNITED STATES,"SONNY CARTER, M.D.",2,455,1,15.164277894,-8.055389929
SOUTH AFRICA,SOUTH AFRICA,1,309,1,24.223549773,14.910967367
SOUTH KOREA,SOUTH KOREA,1,555,1,27.338568218,18.022564660
SPAIN,SPAIN,1,373,1,23.214752555,18.065495285
UNITED STATES,STANLEY G. LOVE,2,456,1,15.430711276,-6.556241525
UNITED STATES,STEPHANIE WILSON,2,457,1,16.991786030,-6.983949479
UNITED STATES,STEPHEN FRICK,2,458,1,11.544689445,-6.051229060
UNITED STATES,STEPHEN G. BOWEN,2,459,1,16.301566984,2.964166349
UNITED STATES,STEPHEN OSWALD,2,460,1,15.087601255,-5.335760913
UNITED STATES,STEPHEN ROBINSON,2,461,1,13.544054657,3.870395318
UNITED STATES,STEVEN HAWLEY,2,462,1,10.284232726,-5.431715630
UNITED STATES,STEVEN LINDSEY,2,463,1,15.125138488,-7.059589293
CANADA,STEVEN MACLEAN,2,464,1,-7.593588089,3.400486862
UNITED STATES,STEVEN R. NAGEL,2,465,1,12.233435901,3.196998246
UNITED STATES,STEVEN SMITH,2,466,1,18.045486746,-5.423902065
UNITED STATES,STEVEN SWANSON,2,467,1,11.934251371,1.183159109
UNITED STATES,"STORY MUSGRAVE, M.D.",2,468,1,7.553676523,-3.086672099
UNITED STATES,STUART ROOSA,2,469,1,13.480058538,-4.092138497
SAUDI ARABIA,SULTAN BIN SALMAN BIN ABDULAZIZ AL SAUD,2,470,1,28.274663564,17.120737884
UNITED STATES,"SUNITA ""SUNI"" WILLIAMS",2,471,1,6.627077750,-4.488276419
UNITED STATES,SUSAN HELMS,2,472,1,8.976549326,-7.655903929
UNITED STATES,SUSAN STILL KILRAIN,2,473,1,18.122892806,1.534660714
RUSSIA,SVETLANA SAVITSKAYA,2,474,1,10.235193120,24.391920967
SWEDEN,SWEDEN,1,86,1,-6.560112034,15.382035541
SWITZERLAND,SWITZERLAND,1,90,1,26.057757240,15.966215674
SYRIA,SYRIA,1,340,1,-6.903066907,-6.490239852
JAPAN,TAKAO DOI,2,475,1,-10.274766953,-0.720251374
JAPAN,TAKUYA ONISHI,2,476,1,-8.960189371,-3.309597924
KAZAKHSTAN,TALGAT MUSABAYEV,2,477,1,-5.133022830,9.369764093
UNITED STATES,TAMARA E. JERNIGAN,2,478,1,14.769131165,-2.306425377
UNITED STATES,TAYLOR WANG,2,479,1,15.156642704,2.734754858
UNITED STATES,TERENCE HENRICKS,2,480,1,16.247459453,-8.088818947
UNITED STATES,TERRENCE WILCUTT,2,481,1,10.730778599,0.254083589
UNITED STATES,TERRY HART,2,482,1,14.744509136,-6.640812511
UNITED STATES,TERRY VIRTS,2,483,1,11.850467094,-8.178957781
UNITED STATES,THOMAS AKERS,2,484,1,10.557276718,3.055567897
UNITED STATES,THOMAS D. JONES,2,485,1,17.679731689,-4.182621280
UNITED STATES,THOMAS HENNEN,2,486,1,7.924625270,0.367642602
UNITED STATES,"THOMAS KENNETH ""KEN"" MATTINGLY II",2,487,1,9.705633667,3.012290656
UNITED STATES,"THOMAS MARSHBURN, M.D.",2,488,1,10.836315223,-5.739408521
UNITED STATES,THOMAS PATTEN STAFFORD,2,489,1,7.179076107,-6.243408220
FRANCE,THOMAS PESQUET,2,490,1,-8.624205138,5.838209981
GERMANY,THOMAS REITER,2,491,1,-2.508216022,17.254771150
UNITED STATES,TIMOTHY CREAMER,2,492,1,11.715086805,-7.142007684
UNITED STATES,TIMOTHY L. KOPRA,2,493,1,15.681673788,-0.736059464
UNITED KINGDOM,TIMOTHY PEAKE,2,494,1,-10.481469259,8.019385687
RUSSIA,TOKTAR AUBAKIROV,2,495,1,6.198551024,19.742031847
JAPAN,TOYOHIRO AKIYAMA,2,496,1,-8.359154657,-0.868530269
UNITED STATES,TRACY CALDWELL DYSON,2,497,1,19.036676822,-4.329745046
UKRAINE,UKRAINE,1,282,1,-10.559965118,10.950232591
GERMANY,ULF MERBOLD,2,498,1,-5.671070262,18.181373423
GERMANY,ULRICH WALTER,2,499,1,-4.268689495,19.347134917
ITALY,UMBERTO GUIDONI,2,500,1,-6.947935306,12.681728942
UNITED ARAB EMIRATES,UNITED ARAB EMIRATES,1,186,1,-4.126116385,13.180658169
UNITED KINGDOM,UNITED KINGDOM,1,188,1,-10.860482063,8.896271371
UNITED KINGDOM,UNITED KINGDOM,1,320,1,-10.860482063,8.896271371
UNITED KINGDOM,UNITED KINGDOM,1,494,1,-10.860482063,8.896271371
UNITED STATES,UNITED STATES,1,3,1,12.805165622,-2.634071344
UNITED STATES,UNITED STATES,1,4,1,12.805165622,-2.634071344
UNITED STATES,UNITED STATES,1,5,1,12.805165622,-2.634071344
UNITED STATES,UNITED STATES,1,6,1,12.805165622,-2.634071344
UNITED STATES,UNITED STATES,1,26,1,12.805165622,-2.634071344
UNITED STATES,UNITED STATES,1,35,1,12.805165622,-2.634071344
UNITED STATES,UNITED STATES,1,36,1,12.805165622,-2.634071344
UNITED STATES,UNITED STATES,1,37,1,12.805165622,-2.634071344
UNITED STATES,UNITED STATES,1,38,1,12.805165622,-2.634071344
UNITED STATES,UNITED STATES,1,41,1,12.805165622,-2.634071344
UNITED STATES,UNITED STATES,1,42,1,12.805165622,-2.634071344
UNITED STATES,UNITED STATES,1,44,1,12.805165622,-2.634071344
UNITED STATES,UNITED STATES,1,48,1,12.805165622,-2.634071344
UNITED STATES,UNITED STATES,1,49,1,12.805165622,-2.634071344
UNITED STATES,UNITED STATES,1,50,1,12.805165622,-2.634071344
UNITED STATES,UNITED STATES,1,51,1,12.805165622,-2.634071344
UNITED STATES,UNITED STATES,1,54,1,12.805165622,-2.634071344
UNITED STATES,UNITED STATES,1,58,1,12.805165622,-2.634071344
UNITED STATES,UNITED STATES,1,59,1,12.805165622,-2.634071344
UNITED STATES,UNITED STATES,1,60,1,12.805165622,-2.634071344
UNITED STATES,UNITED STATES,1,61,1,12.805165622,-2.634071344
UNITED STATES,UNITED STATES,1,62,1,12.805165622,-2.634071344
UNITED STATES,UNITED STATES,1,63,1,12.805165622,-2.634071344
UNITED STATES,UNITED STATES,1,64,1,12.805165622,-2.634071344
UNITED STATES,UNITED STATES,1,65,1,12.805165622,-2.634071344
UNITED STATES,UNITED STATES,1,66,1,12.805165622,-2.634071344
UNITED STATES,UNITED STATES,1,67,1,12.805165622,-2.634071344
UNITED STATES,UNITED STATES,1,68,1,12.805165622,-2.634071344
UNITED STATES,UNITED STATES,1,70,1,12.805165622,-2.634071344
UNITED STATES,UNITED STATES,1,71,1,12.805165622,-2.634071344
UNITED STATES,UNITED STATES,1,72,1,12.805165622,-2.634071344
UNITED STATES,UNITED STATES,1,73,1,12.805165622,-2.634071344
UNITED STATES,UNITED STATES,1,74,1,12.805165622,-2.634071344
UNITED STATES,UNITED STATES,1,75,1,12.805165622,-2.634071344
UNITED STATES,UNITED STATES,1,76,1,12.805165622,-2.634071344
UNITED STATES,UNITED STATES,1,77,1,12.805165622,-2.634071344
UNITED STATES,UNITED STATES,1,78,1,12.805165622,-2.634071344
UNITED STATES,UNITED STATES,1,79,1,12.805165622,-2.634071344
UNITED STATES,UNITED STATES,1,80,1,12.805165622,-2.634071344
UNITED STATES,UNITED STATES,1,82,1,12.805165622,-2.634071344
UNITED STATES,UNITED STATES,1,87,1,12.805165622,-2.634071344
UNITED STATES,UNITED STATES,1,88,1,12.805165622,-2.634071344
UNITED STATES,UNITED STATES,1,89,1,12.805165622,-2.634071344
UNITED STATES,UNITED STATES,1,92,1,12.805165622,-2.634071344
UNITED STATES,UNITED STATES,1,93,1,12.805165622,-2.634071344
UNITED STATES,UNITED STATES,1,95,1,12.805165622,-2.634071344
UNITED STATES,UNITED STATES,1,96,1,12.805165622,-2.634071344
UNITED STATES,UNITED STATES,1,97,1,12.805165622,-2.634071344
UNITED STATES,UNITED STATES,1,98,1,12.805165622,-2.634071344
UNITED STATES,UNITED STATES,1,99,1,12.805165622,-2.634071344
UNITED STATES,UNITED STATES,1,100,1,12.805165622,-2.634071344
UNITED STATES,UNITED STATES,1,101,1,12.805165622,-2.634071344
UNITED STATES,UNITED STATES,1,102,1,12.805165622,-2.634071344
UNITED STATES,UNITED STATES,1,103,1,12.805165622,-2.634071344
UNITED STATES,UNITED STATES,1,104,1,12.805165622,-2.634071344
UNITED STATES,UNITED STATES,1,105,1,12.805165622,-2.634071344
UNITED STATES,UNITED STATES,1,107,1,12.805165622,-2.634071344
UNITED STATES,UNITED STATES,1,108,1,12.805165622,-2.634071344
UNITED STATES,UNITED STATES,1,109,1,12.805165622,-2.634071344
UNITED STATES,UNITED STATES,1,110,1,12.805165622,-2.634071344
UNITED STATES,UNITED STATES,1,113,1,12.805165622,-2.634071344
UNITED STATES,UNITED STATES,1,114,1,12.805165622,-2.634071344
UNITED STATES,UNITED STATES,1,115,1,12.805165622,-2.634071344
UNITED STATES,UNITED STATES,1,116,1,12.805165622,-2.634071344
UNITED STATES,UNITED STATES,1,117,1,12.805165622,-2.634071344
UNITED STATES,UNITED STATES,1,118,1,12.805165622,-2.634071344
UNITED STATES,UNITED STATES,1,119,1,12.805165622,-2.634071344
UNITED STATES,UNITED STATES,1,120,1,12.805165622,-2.634071344
UNITED STATES,UNITED STATES,1,121,1,12.805165622,-2.634071344
UNITED STATES,UNITED STATES,1,122,1,12.805165622,-2.634071344
UNITED STATES,UNITED STATES,1,123,1,12.805165622,-2.634071344
UNITED STATES,UNITED STATES,1,124,1,12.805165622,-2.634071344
UNITED STATES,UNITED STATES,1,125,1,12.805165622,-2.634071344
UNITED STATES,UNITED STATES,1,126,1,12.805165622,-2.634071344
UNITED STATES,UNITED STATES,1,128,1,12.805165622,-2.634071344
UNITED STATES,UNITED STATES,1,129,1,12.805165622,-2.634071344
UNITED STATES,UNITED STATES,1,130,1,12.805165622,-2.634071344
UNITED STATES,UNITED STATES,1,131,1,12.805165622,-2.634071344
UNITED STATES,UNITED STATES,1,132,1,12.805165622,-2.634071344
UNITED STATES,UNITED STATES,1,133,1,12.805165622,-2.634071344
UNITED STATES,UNITED STATES,1,134,1,12.805165622,-2.634071344
UNITED STATES,UNITED STATES,1,135,1,12.805165622,-2.634071344
UNITED STATES,UNITED STATES,1,136,1,12.805165622,-2.634071344
UNITED STATES,UNITED STATES,1,137,1,12.805165622,-2.634071344
UNITED STATES,UNITED STATES,1,139,1,12.805165622,-2.634071344
UNITED STATES,UNITED STATES,1,140,1,12.805165622,-2.634071344
UNITED STATES,UNITED STATES,1,142,1,12.805165622,-2.634071344
UNITED STATES,UNITED STATES,1,145,1,12.805165622,-2.634071344
UNITED STATES,UNITED STATES,1,147,1,12.805165622,-2.634071344
UNITED STATES,UNITED STATES,1,148,1,12.805165622,-2.634071344
UNITED STATES,UNITED STATES,1,150,1,12.805165622,-2.634071344
UNITED STATES,UNITED STATES,1,151,1,12.805165622,-2.634071344
UNITED STATES,UNITED STATES,1,152,1,12.805165622,-2.634071344
UNITED STATES,UNITED STATES,1,153,1,12.805165622,-2.634071344
UNITED STATES,UNITED STATES,1,154,1,12.805165622,-2.634071344
UNITED STATES,UNITED STATES,1,156,1,12.805165622,-2.634071344
UNITED STATES,UNITED STATES,1,157,1,12.805165622,-2.634071344
UNITED STATES,UNITED STATES,1,158,1,12.805165622,-2.634071344
UNITED STATES,UNITED STATES,1,163,1,12.805165622,-2.634071344
UNITED STATES,UNITED STATES,1,164,1,12.805165622,-2.634071344
UNITED STATES,UNITED STATES,1,170,1,12.805165622,-2.634071344
UNITED STATES,UNITED STATES,1,173,1,12.805165622,-2.634071344
UNITED STATES,UNITED STATES,1,174,1,12.805165622,-2.634071344
UNITED STATES,UNITED STATES,1,175,1,12.805165622,-2.634071344
UNITED STATES,UNITED STATES,1,176,1,12.805165622,-2.634071344
UNITED STATES,UNITED STATES,1,177,1,12.805165622,-2.634071344
UNITED STATES,UNITED STATES,1,178,1,12.805165622,-2.634071344
UNITED STATES,UNITED STATES,1,179,1,12.805165622,-2.634071344
UNITED STATES,UNITED STATES,1,180,1,12.805165622,-2.634071344
UNITED STATES,UNITED STATES,1,181,1,12.805165622,-2.634071344
UNITED STATES,UNITED STATES,1,182,1,12.805165622,-2.634071344
UNITED STATES,UNITED STATES,1,185,1,12.805165622,-2.634071344
UNITED STATES,UNITED STATES,1,187,1,12.805165622,-2.634071344
UNITED STATES,UNITED STATES,1,189,1,12.805165622,-2.634071344
UNITED STATES,UNITED STATES,1,194,1,12.805165622,-2.634071344
UNITED STATES,UNITED STATES,1,195,1,12.805165622,-2.634071344
UNITED STATES,UNITED STATES,1,196,1,12.805165622,-2.634071344
UNITED STATES,UNITED STATES,1,197,1,12.805165622,-2.634071344
UNITED STATES,UNITED STATES,1,198,1,12.805165622,-2.634071344
UNITED STATES,UNITED STATES,1,199,1,12.805165622,-2.634071344
UNITED STATES,UNITED STATES,1,200,1,12.805165622,-2.634071344
UNITED STATES,UNITED STATES,1,201,1,12.805165622,-2.634071344
UNITED STATES,UNITED STATES,1,202,1,12.805165622,-2.634071344
UNITED STATES,UNITED STATES,1,203,1,12.805165622,-2.634071344
UNITED STATES,UNITED STATES,1,204,1,12.805165622,-2.634071344
UNITED STATES,UNITED STATES,1,205,1,12.805165622,-2.634071344
UNITED STATES,UNITED STATES,1,206,1,12.805165622,-2.634071344
UNITED STATES,UNITED STATES,1,207,1,12.805165622,-2.634071344
UNITED STATES,UNITED STATES,1,208,1,12.805165622,-2.634071344
UNITED STATES,UNITED STATES,1,209,1,12.805165622,-2.634071344
UNITED STATES,UNITED STATES,1,210,1,12.805165622,-2.634071344
UNITED STATES,UNITED STATES,1,211,1,12.805165622,-2.634071344
UNITED STATES,UNITED STATES,1,212,1,12.805165622,-2.634071344
UNITED STATES,UNITED STATES,1,217,1,12.805165622,-2.634071344
UNITED STATES,UNITED STATES,1,218,1,12.805165622,-2.634071344
UNITED STATES,UNITED STATES,1,219,1,12.805165622,-2.634071344
UNITED STATES,UNITED STATES,1,220,1,12.805165622,-2.634071344
UNITED STATES,UNITED STATES,1,221,1,12.805165622,-2.634071344
UNITED STATES,UNITED STATES,1,222,1,12.805165622,-2.634071344
UNITED STATES,UNITED STATES,1,223,1,12.805165622,-2.634071344
UNITED STATES,UNITED STATES,1,224,1,12.805165622,-2.634071344
UNITED STATES,UNITED STATES,1,226,1,12.805165622,-2.634071344
UNITED STATES,UNITED STATES,1,227,1,12.805165622,-2.634071344
UNITED STATES,UNITED STATES,1,228,1,12.805165622,-2.634071344
UNITED STATES,UNITED STATES,1,229,1,12.805165622,-2.634071344
UNITED STATES,UNITED STATES,1,230,1,12.805165622,-2.634071344
UNITED STATES,UNITED STATES,1,231,1,12.805165622,-2.634071344
UNITED STATES,UNITED STATES,1,232,1,12.805165622,-2.634071344
UNITED STATES,UNITED STATES,1,233,1,12.805165622,-2.634071344
UNITED STATES,UNITED STATES,1,234,1,12.805165622,-2.634071344
UNITED STATES,UNITED STATES,1,235,1,12.805165622,-2.634071344
UNITED STATES,UNITED STATES,1,236,1,12.805165622,-2.634071344
UNITED STATES,UNITED STATES,1,237,1,12.805165622,-2.634071344
UNITED STATES,UNITED STATES,1,238,1,12.805165622,-2.634071344
UNITED STATES,UNITED STATES,1,239,1,12.805165622,-2.634071344
UNITED STATES,UNITED STATES,1,240,1,12.805165622,-2.634071344
UNITED STATES,UNITED STATES,1,241,1,12.805165622,-2.634071344
UNITED STATES,UNITED STATES,1,242,1,12.805165622,-2.634071344
UNITED STATES,UNITED STATES,1,243,1,12.805165622,-2.634071344
UNITED STATES,UNITED STATES,1,244,1,12.805165622,-2.634071344
UNITED STATES,UNITED STATES,1,245,1,12.805165622,-2.634071344
UNITED STATES,UNITED STATES,1,246,1,12.805165622,-2.634071344
UNITED STATES,UNITED STATES,1,247,1,12.805165622,-2.634071344
UNITED STATES,UNITED STATES,1,248,1,12.805165622,-2.634071344
UNITED STATES,UNITED STATES,1,249,1,12.805165622,-2.634071344
UNITED STATES,UNITED STATES,1,252,1,12.805165622,-2.634071344
UNITED STATES,UNITED STATES,1,253,1,12.805165622,-2.634071344
UNITED STATES,UNITED STATES,1,254,1,12.805165622,-2.634071344
UNITED STATES,UNITED STATES,1,255,1,12.805165622,-2.634071344
UNITED STATES,UNITED STATES,1,256,1,12.805165622,-2.634071344
UNITED STATES,UNITED STATES,1,257,1,12.805165622,-2.634071344
UNITED STATES,UNITED STATES,1,258,1,12.805165622,-2.634071344
UNITED STATES,UNITED STATES,1,259,1,12.805165622,-2.634071344
UNITED STATES,UNITED STATES,1,260,1,12.805165622,-2.634071344
UNITED STATES,UNITED STATES,1,261,1,12.805165622,-2.634071344
UNITED STATES,UNITED STATES,1,262,1,12.805165622,-2.634071344
UNITED STATES,UNITED STATES,1,263,1,12.805165622,-2.634071344
UNITED STATES,UNITED STATES,1,264,1,12.805165622,-2.634071344
UNITED STATES,UNITED STATES,1,265,1,12.805165622,-2.634071344
UNITED STATES,UNITED STATES,1,266,1,12.805165622,-2.634071344
UNITED STATES,UNITED STATES,1,267,1,12.805165622,-2.634071344
UNITED STATES,UNITED STATES,1,268,1,12.805165622,-2.634071344
UNITED STATES,UNITED STATES,1,269,1,12.805165622,-2.634071344
UNITED STATES,UNITED STATES,1,271,1,12.805165622,-2.634071344
UNITED STATES,UNITED STATES,1,276,1,12.805165622,-2.634071344
UNITED STATES,UNITED STATES,1,277,1,12.805165622,-2.634071344
UNITED STATES,UNITED STATES,1,278,1,12.805165622,-2.634071344
UNITED STATES,UNITED STATES,1,279,1,12.805165622,-2.634071344
UNITED STATES,UNITED STATES,1,280,1,12.805165622,-2.634071344
UNITED STATES,UNITED STATES,1,281,1,12.805165622,-2.634071344
UNITED STATES,UNITED STATES,1,285,1,12.805165622,-2.634071344
UNITED STATES,UNITED STATES,1,287,1,12.805165622,-2.634071344
UNITED STATES,UNITED STATES,1,288,1,12.805165622,-2.634071344
UNITED STATES,UNITED STATES,1,292,1,12.805165622,-2.634071344
UNITED STATES,UNITED STATES,1,293,1,12.805165622,-2.634071344
UNITED STATES,UNITED STATES,1,294,1,12.805165622,-2.634071344
UNITED STATES,UNITED STATES,1,295,1,12.805165622,-2.634071344
UNITED STATES,UNITED STATES,1,298,1,12.805165622,-2.634071344
UNITED STATES,UNITED STATES,1,299,1,12.805165622,-2.634071344
UNITED STATES,UNITED STATES,1,304,1,12.805165622,-2.634071344
UNITED STATES,UNITED STATES,1,305,1,12.805165622,-2.634071344
UNITED STATES,UNITED STATES,1,306,1,12.805165622,-2.634071344
UNITED STATES,UNITED STATES,1,307,1,12.805165622,-2.634071344
UNITED STATES,UNITED STATES,1,308,1,12.805165622,-2.634071344
UNITED STATES,UNITED STATES,1,310,1,12.805165622,-2.634071344
UNITED STATES,UNITED STATES,1,311,1,12.805165622,-2.634071344
UNITED STATES,UNITED STATES,1,312,1,12.805165622,-2.634071344
UNITED STATES,UNITED STATES,1,313,1,12.805165622,-2.634071344
UNITED STATES,UNITED STATES,1,314,1,12.805165622,-2.634071344
UNITED STATES,UNITED STATES,1,316,1,12.805165622,-2.634071344
UNITED STATES,UNITED STATES,1,317,1,12.805165622,-2.634071344
UNITED STATES,UNITED STATES,1,318,1,12.805165622,-2.634071344
UNITED STATES,UNITED STATES,1,319,1,12.805165622,-2.634071344
UNITED STATES,UNITED STATES,1,321,1,12.805165622,-2.634071344
UNITED STATES,UNITED STATES,1,322,1,12.805165622,-2.634071344
UNITED STATES,UNITED STATES,1,323,1,12.805165622,-2.634071344
UNITED STATES,UNITED STATES,1,324,1,12.805165622,-2.634071344
UNITED STATES,UNITED STATES,1,325,1,12.805165622,-2.634071344
UNITED STATES,UNITED STATES,1,326,1,12.805165622,-2.634071344
UNITED STATES,UNITED STATES,1,327,1,12.805165622,-2.634071344
UNITED STATES,UNITED STATES,1,328,1,12.805165622,-2.634071344
UNITED STATES,UNITED STATES,1,329,1,12.805165622,-2.634071344
UNITED STATES,UNITED STATES,1,330,1,12.805165622,-2.634071344
UNITED STATES,UNITED STATES,1,331,1,12.805165622,-2.634071344
UNITED STATES,UNITED STATES,1,332,1,12.805165622,-2.634071344
UNITED STATES,UNITED STATES,1,333,1,12.805165622,-2.634071344
UNITED STATES,UNITED STATES,1,334,1,12.805165622,-2.634071344
UNITED STATES,UNITED STATES,1,338,1,12.805165622,-2.634071344
UNITED STATES,UNITED STATES,1,342,1,12.805165622,-2.634071344
UNITED STATES,UNITED STATES,1,343,1,12.805165622,-2.634071344
UNITED STATES,UNITED STATES,1,345,1,12.805165622,-2.634071344
UNITED STATES,UNITED STATES,1,346,1,12.805165622,-2.634071344
UNITED STATES,UNITED STATES,1,347,1,12.805165622,-2.634071344
UNITED STATES,UNITED STATES,1,348,1,12.805165622,-2.634071344
UNITED STATES,UNITED STATES,1,353,1,12.805165622,-2.634071344
UNITED STATES,UNITED STATES,1,361,1,12.805165622,-2.634071344
UNITED STATES,UNITED STATES,1,362,1,12.805165622,-2.634071344
UNITED STATES,UNITED STATES,1,365,1,12.805165622,-2.634071344
UNITED STATES,UNITED STATES,1,366,1,12.805165622,-2.634071344
UNITED STATES,UNITED STATES,1,367,1,12.805165622,-2.634071344
UNITED STATES,UNITED STATES,1,368,1,12.805165622,-2.634071344
UNITED STATES,UNITED STATES,1,369,1,12.805165622,-2.634071344
UNITED STATES,UNITED STATES,1,374,1,12.805165622,-2.634071344
UNITED STATES,UNITED STATES,1,375,1,12.805165622,-2.634071344
UNITED STATES,UNITED STATES,1,379,1,12.805165622,-2.634071344
UNITED STATES,UNITED STATES,1,380,1,12.805165622,-2.634071344
UNITED STATES,UNITED STATES,1,382,1,12.805165622,-2.634071344
UNITED STATES,UNITED STATES,1,385,1,12.805165622,-2.634071344
UNITED STATES,UNITED STATES,1,386,1,12.805165622,-2.634071344
UNITED STATES,UNITED STATES,1,387,1,12.805165622,-2.634071344
UNITED STATES,UNITED STATES,1,388,1,12.805165622,-2.634071344
UNITED STATES,UNITED STATES,1,389,1,12.805165622,-2.634071344
UNITED STATES,UNITED STATES,1,390,1,12.805165622,-2.634071344
UNITED STATES,UNITED STATES,1,391,1,12.805165622,-2.634071344
UNITED STATES,UNITED STATES,1,392,1,12.805165622,-2.634071344
UNITED STATES,UNITED STATES,1,393,1,12.805165622,-2.634071344
UNITED STATES,UNITED STATES,1,394,1,12.805165622,-2.634071344
UNITED STATES,UNITED STATES,1,395,1,12.805165622,-2.634071344
UNITED STATES,UNITED STATES,1,396,1,12.805165622,-2.634071344
UNITED STATES,UNITED STATES,1,397,1,12.805165622,-2.634071344
UNITED STATES,UNITED STATES,1,398,1,12.805165622,-2.634071344
UNITED STATES,UNITED STATES,1,399,1,12.805165622,-2.634071344
UNITED STATES,UNITED STATES,1,400,1,12.805165622,-2.634071344
UNITED STATES,UNITED STATES,1,401,1,12.805165622,-2.634071344
UNITED STATES,UNITED STATES,1,402,1,12.805165622,-2.634071344
UNITED STATES,UNITED STATES,1,403,1,12.805165622,-2.634071344
UNITED STATES,UNITED STATES,1,404,1,12.805165622,-2.634071344
UNITED STATES,UNITED STATES,1,405,1,12.805165622,-2.634071344
UNITED STATES,UNITED STATES,1,406,1,12.805165622,-2.634071344
UNITED STATES,UNITED STATES,1,407,1,12.805165622,-2.634071344
UNITED STATES,UNITED STATES,1,408,1,12.805165622,-2.634071344
UNITED STATES,UNITED STATES,1,409,1,12.805165622,-2.634071344
UNITED STATES,UNITED STATES,1,410,1,12.805165622,-2.634071344
UNITED STATES,UNITED STATES,1,415,1,12.805165622,-2.634071344
UNITED STATES,UNITED STATES,1,417,1,12.805165622,-2.634071344
UNITED STATES,UNITED STATES,1,418,1,12.805165622,-2.634071344
UNITED STATES,UNITED STATES,1,419,1,12.805165622,-2.634071344
UNITED STATES,UNITED STATES,1,420,1,12.805165622,-2.634071344
UNITED STATES,UNITED STATES,1,421,1,12.805165622,-2.634071344
UNITED STATES,UNITED STATES,1,422,1,12.805165622,-2.634071344
UNITED STATES,UNITED STATES,1,423,1,12.805165622,-2.634071344
UNITED STATES,UNITED STATES,1,424,1,12.805165622,-2.634071344
UNITED STATES,UNITED STATES,1,425,1,12.805165622,-2.634071344
UNITED STATES,UNITED STATES,1,427,1,12.805165622,-2.634071344
UNITED STATES,UNITED STATES,1,429,1,12.805165622,-2.634071344
UNITED STATES,UNITED STATES,1,430,1,12.805165622,-2.634071344
UNITED STATES,UNITED STATES,1,432,1,12.805165622,-2.634071344
UNITED STATES,UNITED STATES,1,433,1,12.805165622,-2.634071344
UNITED STATES,UNITED STATES,1,434,1,12.805165622,-2.634071344
UNITED STATES,UNITED STATES,1,435,1,12.805165622,-2.634071344
UNITED STATES,UNITED STATES,1,436,1,12.805165622,-2.634071344
UNITED STATES,UNITED STATES,1,437,1,12.805165622,-2.634071344
UNITED STATES,UNITED STATES,1,438,1,12.805165622,-2.634071344
UNITED STATES,UNITED STATES,1,448,1,12.805165622,-2.634071344
UNITED STATES,UNITED STATES,1,449,1,12.805165622,-2.634071344
UNITED STATES,UNITED STATES,1,451,1,12.805165622,-2.634071344
UNITED STATES,UNITED STATES,1,452,1,12.805165622,-2.634071344
UNITED STATES,UNITED STATES,1,455,1,12.805165622,-2.634071344
UNITED STATES,UNITED STATES,1,456,1,12.805165622,-2.634071344
UNITED STATES,UNITED STATES,1,457,1,12.805165622,-2.634071344
UNITED STATES,UNITED STATES,1,458,1,12.805165622,-2.634071344
UNITED STATES,UNITED STATES,1,459,1,12.805165622,-2.634071344
UNITED STATES,UNITED STATES,1,460,1,12.805165622,-2.634071344
UNITED STATES,UNITED STATES,1,461,1,12.805165622,-2.634071344
UNITED STATES,UNITED STATES,1,462,1,12.805165622,-2.634071344
UNITED STATES,UNITED STATES,1,463,1,12.805165622,-2.634071344
UNITED STATES,UNITED STATES,1,465,1,12.805165622,-2.634071344
UNITED STATES,UNITED STATES,1,466,1,12.805165622,-2.634071344
UNITED STATES,UNITED STATES,1,467,1,12.805165622,-2.634071344
UNITED STATES,UNITED STATES,1,468,1,12.805165622,-2.634071344
UNITED STATES,UNITED STATES,1,469,1,12.805165622,-2.634071344
UNITED STATES,UNITED STATES,1,471,1,12.805165622,-2.634071344
UNITED STATES,UNITED STATES,1,472,1,12.805165622,-2.634071344
UNITED STATES,UNITED STATES,1,473,1,12.805165622,-2.634071344
UNITED STATES,UNITED STATES,1,478,1,12.805165622,-2.634071344
UNITED STATES,UNITED STATES,1,479,1,12.805165622,-2.634071344
UNITED STATES,UNITED STATES,1,480,1,12.805165622,-2.634071344
UNITED STATES,UNITED STATES,1,481,1,12.805165622,-2.634071344
UNITED STATES,UNITED STATES,1,482,1,12.805165622,-2.634071344
UNITED STATES,UNITED STATES,1,483,1,12.805165622,-2.634071344
UNITED STATES,UNITED STATES,1,484,1,12.805165622,-2.634071344
UNITED STATES,UNITED STATES,1,485,1,12.805165622,-2.634071344
UNITED STATES,UNITED STATES,1,486,1,12.805165622,-2.634071344
UNITED STATES,UNITED STATES,1,487,1,12.805165622,-2.634071344
UNITED STATES,UNITED STATES,1,488,1,12.805165622,-2.634071344
UNITED STATES,UNITED STATES,1,489,1,12.805165622,-2.634071344
UNITED STATES,UNITED STATES,1,492,1,12.805165622,-2.634071344
UNITED STATES,UNITED STATES,1,493,1,12.805165622,-2.634071344
UNITED STATES,UNITED STATES,1,497,1,12.805165622,-2.634071344
UNITED STATES,UNITED STATES,1,510,1,12.805165622,-2.634071344
UNITED STATES,UNITED STATES,1,517,1,12.805165622,-2.634071344
UNITED STATES,UNITED STATES,1,533,1,12.805165622,-2.634071344
UNITED STATES,UNITED STATES,1,534,1,12.805165622,-2.634071344
UNITED STATES,UNITED STATES,1,536,1,12.805165622,-2.634071344
UNITED STATES,UNITED STATES,1,537,1,12.805165622,-2.634071344
UNITED STATES,UNITED STATES,1,538,1,12.805165622,-2.634071344
UNITED STATES,UNITED STATES,1,539,1,12.805165622,-2.634071344
UNITED STATES,UNITED STATES,1,540,1,12.805165622,-2.634071344
UNITED STATES,UNITED STATES,1,541,1,12.805165622,-2.634071344
UNITED STATES,UNITED STATES,1,542,1,12.805165622,-2.634071344
UNITED STATES,UNITED STATES,1,543,1,12.805165622,-2.634071344
UNITED STATES,UNITED STATES,1,544,1,12.805165622,-2.634071344
UNITED STATES,UNITED STATES,1,545,1,12.805165622,-2.634071344
UNITED STATES,UNITED STATES,1,546,1,12.805165622,-2.634071344
UNITED STATES,UNITED STATES,1,547,1,12.805165622,-2.634071344
UNITED STATES,UNITED STATES,1,548,1,12.805165622,-2.634071344
UNITED STATES,UNITED STATES,1,549,1,12.805165622,-2.634071344
VIETNAM,VIETNAM,1,378,1,-1.021744269,15.087743624
CHINA,WANG YAPING,2,535,1,31.347615873,11.167475861
CHINA,YANG LIWEI,2,551,1,30.857355095,8.468951933
CHINA,ZHAI ZHIGANG,2,568,1,28.766381080,10.503269715
CHINA,ZHANG XIAOGUANG,2,569,1,30.512681591,11.014497040
CZECHOSLOVAKIA,VLADIMÍR REMEK,2,530,1,23.479386770,21.254270255
NETHERLANDS,WUBBO OCKELS,2,550,1,-1.878334578,12.764340437
RUSSIA,VALENTIN LEBEDEV,2,501,1,11.270289358,25.471697848
RUSSIA,VALENTINA TERESHKOVA,2,502,1,11.051431674,24.840037670
RUSSIA,VALERI KUBASOV,2,503,1,7.267949024,22.847284969
RUSSIA,"VALERI POLYAKOV, M.D.",2,504,1,7.036201596,20.478937447
RUSSIA,VALERY BYKOVSKY,2,505,1,8.914713469,23.803956811
RUSSIA,VALERY KORZUN,2,506,1,8.245098431,20.177420065
RUSSIA,VALERY ROZHDESTVENSKY,2,507,1,14.415756118,23.624710363
RUSSIA,VALERY RYUMIN,2,508,1,14.615737842,20.548217705
RUSSIA,VALERY TOKAREV,2,509,1,6.781087461,23.192869905
RUSSIA,VASILI LAZAREV,2,511,1,13.897484690,20.637525801
RUSSIA,VASILI TSIBLIYEV,2,512,1,14.893027129,21.815917219
RUSSIA,VIKTOR GORBATKO,2,513,1,14.488210320,21.195276188
RUSSIA,VIKTOR M. AFANASYEV,2,514,1,9.960860691,22.571707558
RUSSIA,VIKTOR PATSAYEV,2,515,1,13.125532204,24.766699524
RUSSIA,VIKTOR SAVINYKH,2,516,1,12.496498340,25.177204593
RUSSIA,VITALI SEVASTYANOV,2,518,1,12.109078780,24.622181214
RUSSIA,VITALIY ZHOLOBOV,2,519,1,13.512835736,21.175803169
RUSSIA,VLADIMIR AKSYONOV,2,520,1,5.768398180,20.951032301
RUSSIA,VLADIMIR DZHANIBEKOV,2,521,1,7.455026005,22.161441736
RUSSIA,VLADIMIR KOMAROV,2,522,1,6.478555506,21.284839997
RUSSIA,VLADIMIR KOVALYONOK,2,523,1,10.383196251,18.139081595
RUSSIA,VLADIMIR LYAKHOV,2,524,1,8.132216322,25.127743771
RUSSIA,VLADIMIR N. DEZHUROV,2,525,1,8.456064572,21.573709859
RUSSIA,VLADIMIR SHATALOV,2,526,1,9.163753175,22.997845781
RUSSIA,VLADIMIR SOLOVYOV,2,527,1,9.242889783,18.487969704
RUSSIA,VLADIMIR TITOV,2,528,1,11.047746503,17.866097746
RUSSIA,VLADIMIR VASYUTIN,2,529,1,12.586647467,18.795383485
RUSSIA,VLADISLAV VOLKOV,2,531,1,9.541466501,24.251775076
RUSSIA,VYACHESLAV ZUDOV,2,532,1,9.010162230,20.991784319
RUSSIA,YELENA KONDAKOVA,2,552,1,7.855083680,18.093879764
RUSSIA,YELENA SEROVA,2,553,1,9.779111999,25.561470020
RUSSIA,YEVGENY KHRUNOV,2,554,1,11.449039511,18.507490007
RUSSIA,YURI ARTYUKHIN,2,556,1,14.923003340,22.619141375
RUSSIA,YURI BATURIN,2,557,1,13.479753762,20.040827698
RUSSIA,YURI GAGARIN,2,558,1,9.954147537,20.444930880
RUSSIA,YURI GIDZENKO,2,559,1,11.088355840,22.509453614
RUSSIA,YURI GLAZKOV,2,560,1,7.239328805,18.335034824
RUSSIA,YURI LONCHAKOV,2,561,1,6.906811406,19.394167442
RUSSIA,YURI MALENCHENKO,2,562,1,11.792103804,25.228926405
RUSSIA,YURI MALYSHEV,2,563,1,7.116309679,19.904965636
RUSSIA,YURI ONUFRIENKO,2,564,1,9.067225188,20.056247622
RUSSIA,YURI ROMANENKO,2,565,1,5.843217565,20.282350505
RUSSIA,YURI SHARGIN,2,566,1,13.684456332,22.365822872
RUSSIA,YURY USACHOV,2,567,1,9.314817727,17.573792250
SOUTH KOREA,YI SO-YEON,2,555,1,27.386046525,18.870585985
UNITED STATES,VANCE BRAND,2,510,1,8.737093576,2.284808576
UNITED STATES,"VIRGIL I. ""GUS"" GRISSOM",2,517,1,9.557038447,-2.810700480
UNITED STATES,WALTER CUNNINGHAM,2,533,1,19.493634962,-2.520725034
UNITED STATES,WALTER SCHIRRA,2,534,1,17.191134033,0.470554358
UNITED STATES,WENDY LAWRENCE,2,536,1,16.875079615,-5.975877484
UNITED STATES,WILLIAM ANDERS,2,537,1,13.805060251,-8.247469874
UNITED STATES,WILLIAM B. LENOIR,2,538,1,13.476899565,0.625173555
UNITED STATES,WILLIAM C. MCCOOL,2,539,1,16.223070861,-1.187719618
UNITED STATES,"WILLIAM E. THORNTON, M.D.",2,540,1,12.500375552,1.566370241
UNITED STATES,"WILLIAM FREDERICK FISHER, M.D.",2,541,1,12.938264189,2.088251729
UNITED STATES,WILLIAM GREGORY,2,542,1,18.058594677,-6.419305977
UNITED STATES,WILLIAM OEFELEIN,2,543,1,17.687878977,-6.786141190
UNITED STATES,WILLIAM PAILES,2,544,1,16.045659246,-1.844456470
UNITED STATES,WILLIAM POGUE,2,545,1,15.545489261,1.390971835
UNITED STATES,WILLIAM READDY,2,546,1,13.149977904,-5.934729443
UNITED STATES,WILLIAM S. MCARTHUR,2,547,1,10.730780351,-1.440404853
UNITED STATES,WILLIAM SHEPHERD,2,548,1,14.482077892,-4.824267220
UNITED STATES,WINSTON SCOTT,2,549,1,16.210258611,-7.492156951
